Model,Observed,ACCESS-CM2,ACCESS-ESM1-5,AWI-CM-1-1-MR,BCC-CSM2-MR,BCC-ESM1,CAMS-CSM1-0,CESM2,CESM2-WACCM,CNRM-CM6-1,CNRM-ESM2-1,CanESM5,E3SM-1-0,EC-Earth3,EC-Earth3-Veg,FGOALS-f3-L,GFDL-CM4,GFDL-ESM4,GISS-E2-1-G,GISS-E2-1-G-CC,GISS-E2-1-H,HadGEM3-GC31-LL,INM-CM4-8,INM-CM5-0,IPSL-CM6A-LR,MIROC-ES2L,MIROC6,MPI-ESM1-2-HR,MPI-ESM1-2-LR,MRI-ESM2-0,NESM3,NorCPM1,NorESM2-LM,SAM0-UNICON,UKESM1-0-LL
Trend,-0.083418275,-0.054691643,-0.068648356,-0.055818784,-0.079143091,-0.091805522,-0.006639682,-0.097545312,-0.10691048,-0.006724298,-0.038058991,-0.072369136,-0.146163748,-0.12855178,-0.054085233,-0.045478381,-0.067950751,-0.056847728,-0.055280135,-0.074743749,-0.12685418,-0.10017027,-0.00513913,-0.032136057,-0.074686462,-0.019086465,-0.030233166,-0.045675594,-0.045741327,-0.100848712,-0.141226615,-0.011248815,-0.066912145,-0.057737414,-0.077003218
ssp126,,2030,2039,2027,2080,,,2021,2037,,,2037,,2059,2069,,,,,,,2031,,,2024,2055,2067,2058,2043,2025,2018,,,,2034
ssp245,,2038,2044,2028,2075,,,2022,2036,,2030,2031,,2047,2041,2040,2052,2079,,,,2027,,,2023,2044,2050,2037,2048,2035,2018,,2066,,2037
ssp585,,2035,2038,2029,2047,,2080,2020,2038,2061,,2038,,2030,2029,,2053,2063,,,,2026,,2094,2030,2036,2052,2040,2048,2020,2017,,2054,,2032
mvs,,0.026705548,0.014219603,0.008892018,0.051295439,0.049703026,-0.025407173,0.077929348,0.090017971,0.001026577,0.023645523,0.022302605,0.070718437,0.007295375,0.022511766,0.011164243,0.020738276,0.031871023,0.037809776,0.021841006,0.084665969,0.050904545,-0.00637852,-0.007843859,0.065661433,-0.005779196,0.010947565,0.010346877,-0.002288461,0.05870438,0.076223242,0.006573514,0.047878254,0.010524677,-0.014733028
