Observed,ACCESS-CM2,ACCESS-ESM1-5,AWI-CM-1-1-MR,BCC-CSM2-MR,BCC-ESM1,CAMS-CSM1-0,CESM2,CESM2-WACCM,CNRM-CM6-1,CNRM-ESM2-1,CanESM5,E3SM-1-0,EC-Earth3,EC-Earth3-Veg,FGOALS-f3-L,GFDL-CM4,GFDL-ESM4,GISS-E2-1-G,GISS-E2-1-G-CC,GISS-E2-1-H,HadGEM3-GC31-LL,HadGEM3-GC31-MM,INM-CM4-8,INM-CM5-0,IPSL-CM6A-LR,MIROC-ES2L,MIROC6,MPI-ESM1-2-HR,MPI-ESM1-2-LR,MRI-ESM2-0,NESM3,NorCPM1,NorESM2-LM,SAM0-UNICON,UKESM1-0-LL
-0.083418275,-0.054691643,-0.068648356,-0.055818784,-0.079143091,-0.091805522,-0.006639682,-0.097545312,-0.10691048,-0.006724298,-0.038058991,-0.072369136,-0.146163748,-0.12855178,-0.054085233,-0.045478381,-0.067950751,-0.056847728,-0.055280135,-0.074743749,-0.12685418,-0.10017027,-0.060811712,-0.00513913,-0.032136057,-0.074686462,-0.019086465,-0.030233166,-0.045675594,-0.045741327,-0.100848712,-0.141226615,-0.011248815,-0.066912145,-0.057737414,-0.077003218
