Model,ACCESS-CM2,ACCESS-ESM1-5,AWI-CM-1-1-MR,BCC-CSM2-MR,BCC-ESM1,CAMS-CSM1-0,CESM2,CESM2-WACCM,CNRM-CM6-1,CNRM-ESM2-1,CanESM5,E3SM-1-0,EC-Earth3,EC-Earth3-Veg,FGOALS-f3-L,GFDL-CM4,GFDL-ESM4,GISS-E2-1-G,GISS-E2-1-G-CC,GISS-E2-1-H,HadGEM3-GC31-LL,HadGEM3-GC31-MM,INM-CM4-8,INM-CM5-0,IPSL-CM6A-LR,MIROC-ES2L,MIROC6,MPI-ESM1-2-HR,MPI-ESM1-2-LR,MRI-ESM2-0,NESM3,NorCPM1,NorESM2-LM,SAM0-UNICON,UKESM1-0-LL
Trend126,-0.07949781,-0.115415185,-0.051351557,-0.078042155,,-0.07022751,-0.061879794,-0.012282943,-0.043394314,,-0.134986502,,-0.037420795,-0.03807,,,-0.05445076,,,,-0.124901299,-0.17298961,-0.000964068,-0.052894874,-0.046019402,-0.062702628,-0.033910171,-0.018998261,-0.018104029,-0.052236752,-0.029282232,,,,-0.236954545
Trend245,-0.173672812,-0.093660353,-0.058892485,-0.050217526,,-0.076552291,-0.079787204,-0.121909191,-0.044362783,-0.043908032,-0.196794454,,-0.051275418,-0.085702612,-0.009048567,-0.076089423,-0.021339688,,,,-0.154544156,-0.17298961,-0.031656481,0.008797709,-0.101294182,-0.044470099,-0.076474795,-0.105948399,-0.013168721,0.003645141,-0.019573138,,0.006578694,,-0.236954545
Trend585,-0.169285935,-0.064326075,-0.096430068,-0.10210156,,-0.108617768,-0.066521138,-0.073214708,-0.022160455,-0.043908032,-0.145900361,,-0.172903667,-0.156348195,-0.009048567,-0.098905713,-0.059675461,,,,-0.165336364,-0.204758442,-0.041638732,-0.060062381,-0.064024534,-0.106067467,-0.091585639,-0.058943829,-0.071624929,-0.054786414,-0.051076375,,-0.091994102,,-0.236954545
ssp126,2030,2039,2027,2080,,,2021,2037,,,2037,,2059,2069,,,,,,,2031,2032,,,2024,2055,2067,2058,2043,2025,2018,,,,2034
ssp245,2038,2044,2028,2075,,,2022,2036,,2030,2031,,2047,2041,2040,2052,2079,,,,2027,,,,2023,2044,2050,2037,2048,2035,2018,,2066,,2037
ssp585,2035,2038,2029,2047,,2080,2020,2038,2061,,2038,,2030,2029,,2053,2063,,,,2026,2032,,2094,2030,2036,2052,2040,2048,2020,2017,,2054,,2032
